abaci/abaci/abacuses
abacus/abaci/abacuses
abbo/abos/abbos
abscissa/abscissae
abscisse/abscisses
acanthi/acanthuses/acanthi
acanthus/acanthuses/acanthi
acarus/acari
acicula/aciculae/aciculas
actinia/actinias/actiniae
actinomycet/actinomyces
addendum/addenda
adenoma/adenomas/adenomata
administratrix/administratrices
adytum/adyta
aecium/aecia
aggiornamento/aggiornamentos
agnomen/agnomina
agon/agones
agouti/agoutis/agouties
agouty/agoutis/agouties
aide/aides-de-camp
aide-de-camp/aides-de-camp
albino/albinos
alga/algae
alluvia/alluvia/alluviums
alluvium/alluvia/alluviums
alto-relievo/alto-relievos
alula/alulae
alumna/alumnae
alumnus/alumni
alveolus/alveoli
amanuensis/amanuenses
ameba/amebae
ament/amenta
amentum/amenta
amigo/amigos
amnion/amnia
amoeba/anoebae/anobas
amoebae/anoebae/anobas
ampere-hour/ampere-hours
amphora/amphorae/amphoras
ampulla/ampullae
amydala/amydalae
anacoluthon/anacolutha
anaerobe/anaerobia
anaerobium/anaerobia
analysis/analyses
anastomosis/anastomoses
androconium/androconia
anglo/Anglos
anlage/anlagen/anlages
annulus/annuli/annuluses
anta/antae
anthrax/anthraces
antipasto/antipastos
antithesis/antitheses
antrum/antra
aparejo/aparejos
apex/apexes/apices
aphelion/aphelia
aphis/aphides
aphtha/aphthae
apices/apexes/apices
apod/apodes/apods/apoda
apodosis/apodoses
apollo/Apollos
apomixis/apomixes
aponeurosis/aponeuroses
apothecium/apothecia
apotheosis/apotheoses
apparatchik/apparatchiks/apparatchiki
apparatus/apparatuses
appendix/appendices
apsis/apsides
apterium/apteria
aqua/aquas
aquaria/aquariums
aquarium/aquariums
arapaho/Arapahos/Arapahoes
arboreta/arboretums/arboreta
arboretum/arboretums/arboreta
arcanum/arcana
archegonium/archegonia
archipelago/archipelagos/archipelagoes
areola/areolae
argali/argalis
argumentum/argumenta
arista/aristae
armamentarium/armamentaria
arroyo/arroyos
arsis/arses
arthrodesis/arthrodeses
as/asses
ascariasis/ascariases
ascus/asci
asiento/asientos
aspergillum/aspergilla/aspergillums
asynapsis/asynapses
atelectasis/atelectases
auricula/auriculas/auriculae
auto-da-fé/aut-da-fé
autobahn/autobahnen
autochthon/autochthon/autochthones
ax/axes
axe/axes
axilla/axillae
axis/axes
baal/baals/baalim
babassu/babassus
babu/babus
bacillus/bacilli
bacterium/bacteria
baht/bahts/baht
balante/balantes
ballista/ballistae
bambino/bambinos/bambini
bandeau/bandeaux
banderillero/banderilleros
bandit/bandits
banditti/bandits
banjo/banjos/banjoes
barrister-at-law/barristers-at-law
basidium/basidia
basis/bases
basso/bassos
bateau/bateaux
bath/baths
beau/beaux
beef/beeves
bijou/bijoux
bilbo/bilbos
biosynthesis/biosyntheses
bisectrix/bisectrices
blackfly/blackflies
blastula/blastulas/blastulae
blin/blini/blinis
boche/boches
boletus/boletuses/boleti
boliviano/bolivianos
bolo/bolos
bon mot/bons-mots
bone/bones
bons mots/bons-mots
borborygmus/borborygmi/borborygmus
boyo/boyos
brachium/brachia
bravado/bravados
bravo/bravos
bregma/bregmata
broncho/broncos
bronchus/bronchi
bronco/broncos
brother/brothers
brother-in-law/brothers-in-law
bucktooth/buckteeth
buffalo/buffaloes
buffo/buffi
bulla/bullae
bureau/bureaux/bureaus
bureaux/bureaux/bureaus
burro/burros
bursa/bursae/bursas
bursae/bursae/bursas
byssinosis/byssinoses
caballero/caballeros
cactus/cacti
caddo/caddos/caddo
caduceus/caducei
caecum/caeca
calathide/calathidium
calcaneum/calcanea
calcaneus/calcanei
calculi/calculuses
calculus/calculuses
calf/calves
calidarium/calidaria
calix/calices
calx/calxes/calces
calyces/calycex/calyxes
calyculus/calyculi
calyx/calycex/calyxes
camerlengo/camerlengos
camisado/camisados
canaliculus/canaliculi
candelabrum/candelabra
cannula/cannulas/cannulae
cantharis/cantharides
canthus/canthi
canto/cantos
capitulum/capitula
carbonado/carbonados
carcinoma/carcinomata
carex/carices
carina/carinas/carinae
carpogonium/carpogonia
carpus/carpi
caryopsis/caryopsides
castrato/castrati
catachresis/catachreses
cataclasis/cataclases
catalo/catalos/cataloes
catechesis/catecheses
cathexis/cathexes
caudex/caudices/caudexes
caulis/caules
cavetto/cavetti
cella/cellae
cembalo/cembali/cembalos
centimo/cetimos
cento/centos
centrum/centrums/centra
cercaria/cercariae
chaeta/chaetae
chalaza/chalazae/chalazas
chalumeau/chalumeaux
chanteuse/chanteuses
chargé d'affaires/chargés d'affaires
charr/charrs
chef-d'oeuvre/chefs-d'oeuvre
chela/chelae
chelicera/chelicerae
cherub/cherubim
chiasma/chiasmata
chibcha/chibchas
child/children
cholecystectomy/cholecystectomies
chorizo/chorizos
chromo/chromos
chromoneme/chromonemata
chrysalides/chrysalises
chrysalis/chrysalises
ciborium/ciboria
cicatrice/cicatrices
cicatrix/cicatrices
cicerone/ciceroni
cigarillo/cigarillos
cilium/cilia
cimex/cimices
cinerarium/cineraria
cingulum/cingula
cirrus/cirri
cisterna/cisternae
clamys/clamyses/clamydes
clarino/clarinos/clarini
claro/claroes/claros
clepsydra/clepsydras/clepsydrae
clitellum/clitella
cloth/clothes
coccidium/coccidia
coccus/cocci
coccyx/coccyges
cochlea/cochleae
cod/cod/codfish
codex/codices
coelenteron/coelentera
coelom/coeloms/coelomata
coenurus/coenuri
colloquium/colloquiums/colloquia
collyrium/collyria/collyriums
colonus/coloni
colossus/colossi
colostomy/colostomies
columbarium/columbaria
columella/columellae
coma/comae
combo/combos
comedo/comedones
commonality/commonalities
compendium/compendia
concertino/concertinos
concilium/concilia
condotiere/condotieri
conidium/conidia
consortia/consortium
contango/contangos
continuum/continua/continuums
conus/coni
conversazione/conversazioni/conversaziones
coranto/corantos/corantoes
corbicula/corbiculae
coremium/coremia
corona/coronae
corpus/corpora
corrigendum/corrigenda
cortex/cortices
coryphaeus/coryphaei
costa/costae
cothurnus/cothurni
court martial/courts martial
coxa/coxae
craneman/cranemen
cranium/crania
crasis/crases
cree/crees
crematorium/crematoria
crematory/crematoria
criollo/criollos
crisis/crises
criterion/criteria
crow's-foot/crow's-feet
crus/crura
crux/cruxes
cumulo-nimbus/cumulo-nimbi/cumulo-nimbuses
cumulo-stratus/cumulostrati
cumulus/cumuli
curia/curiae
curriculum/curricula
cursus/cursi
cutis/cutes
cyclops/Cyclopes
cysticercosis/cysticercoses
dactylus/dactili
daimon/daimones/daimons
daimyo/daimyos/daimios
datum/data
daughter-in-law/daughters-in-law
decidua/deciduae
decora/decorums/decora
decorum/decorums/decora
definiendum/definienda
denotatum/denotata
desideratum/desiderata
desperado/desperadoes/desperados
dhobi/dhobies
diaeresis/diaereses
diagnosis/diagnoses
diagnostic/diagnostics
diakinesis/diakineses
dialysis/dialyses
diapophysis/diapophysises
diarthrosis/diarthroses
diastasis/diastases
diastema/diastemata
diathesis/diatheses
dichasium/dichasia
dicta/dicta/dictums
dictum/dicta/dictums
didicoi/didicois/didicoys/diddicoys
dido/didoes
die/dice
differentia/differentiae
dilettante/dilettanti
ding-an-sich/dinge  an  sich
dipteron/dipterons/diptera
directrix/directrices
discobolus/discoboli
discus/disci
ditto/dittos
diverticulum/diverticula
dodo/dodos/dodoes
dogma/dogmas/dogmata
dominus/domini
dorado/dorados
dormouse/dormice
drachma/drachmas/drachmae
dragoman/dragomans
dry/drys
duumvir/duumvirs/duumiri
duumviri/duumvirs/duumiri
dynamo/dynamos
dysgenesis/dysgeneses
echinus/echini
echo/echoes
editor-in-chief/editors-in-chief
effendi/effendis
effluvium/effluvia
eidola/eidolons/eidola
eidolon/eidolons/eidola
eisegesis/eisegeses
elasmobranch/elasmobranchs
eldorado/eldorados
elenchus/elenchi
elf/elves
ellipses/ellipsis
elytron/elytra
elytrum/elytra
embargo/embargoes
embryo/embryos
emesis/emeses
emissarium/emissaria
emphasis/emphases
empyema/empyemata/empyemas
enchondroma/enchondromata
encomium/encomiums
endothelia/endothelial
endothelium/endothelial
ens/entia
enterococus/enterococci
enteron/entera
entozoon/entozoa
ephelis/ephelides
ephemera/ephemeras/ephemerae
ephemeris/ephemerides
ephemeron/ephemerons/ephemera
epicedium/epicedia
epicentrum/epicentra
epicrisis/epicrisises
epididymis/epididymides
epiphenomenon/epiphenomena
epiploon/epiploa
epistasis/epistases
epistaxis/epistaxes
epitasis/epitases
epithalamia/epithalamiums
epithalamion/epithalamia
epithalamium/epithalamiums
epizoon/epizoa
erinys/erinyes
erratum/errata
erythroblastosis/erythroblastoses
escudo/escudos
eskimo/Eskinos/Eskinoes
esophagus/oesophagus/oesophagi
esquimau/Esquimaux
estaminet/estaminets
eucalypti/eucalyptuses/eucalypti
eucalyptus/eucalyptuses/eucalypti
eulogium/eulogia
euro/euros
ex-servicewoman/ex-servicewomen
exanthema/exanthemata
excursus/excursuses
executrix/executrices
exedra/exedrae
exequy/exequies
exordia/exordiums/exordia
exordium/exordiums/exordia
expo/expos
extremum/extrema
eyeglass/eyeglasses
facula/faculae
faliau/faliaux
falx/falces
famulus/famuli
fandango/fandangoes
farallon/farallones
fascio/fasci
fascista/fascisti
father-in-law/fathers-in-law
fathom/fathom/fathoms
fauna/faunas/faunae
fecula/feculae
fellah/fellaheen/fellahs
fellaheen/fellaheen/fellahs
felo de se/felones de se/felos de se
felones de se/felones de se/felos de se
felos de se/felones de se/felos de se
femora/femora/femurs
femur/femora/femurs
fenestra/fenestrae
feria/ferias/feriae
festschrift/festschriften/festschrifts
fetishman/fetishmen
fiaschino/fiaschini
fiasco/fiascos/fiascoes
fibroma/fibromata
fibula/fibulae/fibulas
fibulae/fibulae/fibulas
figurant/figuranti
filipina/filipinas
fimbria/fimbriae
fioritura/fioriture
flagellum/flagella
flake-knife/flake-knives
flambeau/flambeaus
flambeaux/flambeaus
flamen/flamens/flaminess
flamingo/flamingos
flamingoes/flamingos
flashman/flashmen
flatus/flatuses/flatus
flatuses/flatuses/flatus
fleur-de-lis/fleurs-de-lis
fleur-de-luce/fleurs-de-lis
flitter-mouse/flitter-mice
floccus/flocci
floodwater/flood  waters
flora/floras/florae
florula/florulae/florulas
flower-de-luce/fleurs-de-lis
foci/focuses/foci
focus/focuses/foci
folio/folios
folium/folia
foot/feet
foramen/foramina
foraminifer/foraminifera/foraminiferrs
foretooth/foreteeth
formula/formulas/formulae
fornix/fornices
fossa/fossae
four-pence/four-pences
fovea/foveae
foveola/foveolae
fraenulum/fraenula/frenula
fraenum/fraena/frena
franc tireur/francs tireurs
frate/frati
freckle/freckles
frenulum/frenums/frena
frenum/frenums/frena
fresco/frescos/frescoes
fricandeau/fricandeaux
frigidarium/frigidaria
frons/frontes
frusta/frusta/frustums
frustum/frusta/frustums
frutex/frutices
fucus/fuci
fulcra/fulcra/fulcrums
fulcrum/fulcra/fulcrums
fundus/fundi
fungi/fungi/funguses
fungus/fungi/funguses
funiculus/funiculi
furcula/furculac
furfur/furfures
gaffsman/gaffsmen
galley-man/galley-men
gambade/gambados/gambadoes
gambado/gambados/gambadoes
ganglion/ganglia
garda/gardai
gate-man/gate-men
gateau/gateaux
gazpacho/gazpachos
gemeinschaft/gemeinschaften
gemma/gemmae
gena/genae
generatrix/generatrices
genie/genii
genius/geniuses
gens/gentes
gentoo/gentoos
genu/genua
genus/genera
germ-nucleous/germ-nuclei
gesso/gessoes
gestalt/gestalten
ghetto/ghettos
gigolo/gigolos
gismo/gismos
glabella/glabellae
gladioli/gladioli/gladioluses
gladiolus/gladioli/gladioluses
glans/glandes
glomerulonephritis/glomerulonephritides
glomerulus/glomeruli
glomus/glomera
glossa/glossae
gluteus/glutei/glutiai
go/goes
goadsman/goadsmen
goose/geese
goose-foot/goose-foots
goy/goyim/goys
graf/grafen
graffito/graffiti
grotto/grottos/grottoes
gumma/gummata
guppy/guppies
guttula/guttulae
gymnasia/gymnasiums/gymnasia
gymnasium/gymnasiums/gymnasia
gyppo/gyppos
gyps/gypsums/gypsa
gypsum/gypsums/gypsa
gyrus/gyri
haangi/haangis
haftarah/haftaroth/haftarahs
half/halves
halfpenny/halfpennies
hallux/halluces
halo/halos/haloes
haltere/halteres
hamulus/hamuli
hanger-on/hangers-on
hangi/hangis
haruspex/haruspices
has-been/has-beens
haustorium/haustoria
hazan/hazanim
heavy/heavies
helix/helices
hemelytron/hemelytra
herbarium/herbaria
herma/hermae
hero/heroes
hesperidium/hesperidia
hetaera/hetaerae
hetaira/hetaerae
hetero/heterous
hetman/hetmans
hiatus/hiatuses
hibernaculum/hibernacula
hidalgo/hidalgos
hielaman/hielamans/hielemans
hilum/hila
hippo/hippos
hippocampus/hippocampi
hippopotamus/hippopotami
hobo/hobos/hoboes
holloia/hollos
homunculus/homunculi
honoraria/honorariums/honoraria
honorarium/honorariums/honoraria
hoof/hoof/hooves
hormogonium/hormogonia
house/houses
huron/Hurons/Huron
hydro/hydros
hydromedusa/hydromedusae
hymenium/hymenia/hymeniums
hyperostosis/hyperostoses
hypha/hyphae
hypogastrium/hypogastria
hypopharynx/hypopharynges/hypopharynxes
hypothalamus/hypothalami/hypothalamai
hypothesis/hypotheses
hyrax/hyraxes/hyraces
iamb/iambi
iambus/iambi
ibex/ibexes
ibices/ibexes
idolum/idola
ilium/ilia
illuvia/illuviums
illuvium/illuviums
imagines/imagos/imagines
imago/imagos/imagines
imbroglio/imbroglios
impresari/impresarios/impresari
impresario/impresarios/impresari
incognito/incognitos
incubi/incubuses/incubi
incubus/incubuses/incubi
index/indexes/indeces
indices/indexes/indeces
indigo/indigos
indumentum/indumenta
inferno/infernos
infundibulum/infundibula
inheritrix/inheritrices
initiatrix/initiatrices
innings/inning
innuendo/innuendoes
insectaria/insectariums
insectarium/insectariums
insigne/insignia
intaglio/intaglios
intermedia/intermedia/intermediums
intermedium/intermedia/intermediums
interregnum/interregna
intrados/intrados/intradoses
ischium/ischia
itself/themselves
jambeau/jambeaux
jingo/jingoes
jinnee/jinn
jo/joes
johnny-come-lately/johnny-come-latelies/johnnies-come-lately
jugulum/jugula
jugum/juga/jugums
junco/juncos/juncoes
junto/juntos/junta
kaddish/kaddishim
kahawai/kahawai/kahawais
karen/karen/karens
kashmiri/kashmiris/kashmiri
keeshond/keeshonden/keeshonds
keno/kenos
keratosis/keratoses
kerygma/kerygmata
killdeer/killdeers/killdeer
kimono/kimonos
kinesis/kineses
kiowa/kiowas/kiowa
knife/knives
kolhhoznik/klohhozniki/klohhozniks
koruna/koruny/korunas
koskas/koskaste
koto/kotos
labarum/labara
labellum/labella
laconicum/laconica
lacuna/lacunae
lady-in-waiting/ladies-in-waiting
ladino/ladinos
lady-in-waiting/ladies-in-waiting
lamella/lamellae
lamellibranch/lamellibranchs
lamina/laminae
lao/laos/lao
lapilus/lapilli
lar/lares
latex/latices
leaf/leaves
lemma/lemmas
lemmata/lemmas
lepcha/lepcha/lepchas
lepidopteron/lepidoptera/lepidopterons
lepidosis/lepidoses
leptospirosis/leptospiroses
leu/lei
lev/leva
lew/leva
libretto/libretti
lied/lieder
life/lives
light-of-love/light-of-loves
ligula/ligulae/ligulas
lingo/lingoes
lira/lire
loaf/loaves
loculus/loculi
locus/loci
logion/logia/logions
lomentum/lomenta/lomentums
longobard/longobards/longobardi
looker-on/lookers-on
lothario/lotharios
loup-garou/loup-garous
louse/lice
lox/lox/loxes
lunula/lunulae
lustrum/lustra
lyra/lyrac
macronucleus/macronuclei
macrosporangium/macrosporangia
macula/maculae
madame/Mesdames
maestro/maestri
mafioso/mafiosi
magma/magmas
magmata/magmas
magneto/magnetos
magus/magi
maid-in-waiting/ladies-in-waiting
mama/mammae
mamma/mammae
man/men
man-o'-war/men-of-war
man-of-war/men-of-war
mango/mangoes
mantes/mantis
manubrium/manubria
marchesa/marchese
matrix/matrices
maxi/maxis
maxilla/maxillae
meatus/meatus/meatuses
media/mediums
medico/medicos
medium/mediums
medusa/medusae
memento/mementoes
memo/memorandum
memoranda/memorandum
meningioma/meningiomas/meningiomata
meningococcus/meningococci
meninx/meninges
meniscus/menisci
menstruum/menstrua
mentum/menta
mesothelioma/mesotheliomas/mesotheliomata
metamorphosis/metamorphoses
metatarsus/metatarsi
metempsychosis/metempsychoses
miasma/miasmata
milieu/milieux
millennium/millennia
minimum/minima
moisis/mioses
mom/mammae
momentum/momenta
momma/mammae
monsieur/messieurs
moratorium/moratoria
morello/morellos
mother-to-be/mothers-to-be
motto/mottoes
mouse/mice
mouth/mouths
murex/murices
mussulman/Mussulmans
nacho/nachos
naevi/naevuses/naevi
naevus/naevuses/naevi
narcissi/narcissuses/narcissi
narcissus/narcissuses/narcissi
nebula/nebulae
necrosis/necroses
negrillo/Negrillos
neurosis/neuroses
nidi/nidi/niduses
nidus/nidi/niduses
nielli/niellos/nielli
niello/niellos/nielli
nimbi/nimbuses/nimbi
nimbus/nimbuses/nimbi
no/noes
nodus/nodi
nouveau riche/nouveaux riches
nova/novae/novas
novae/novae/novas
novella/novellas
nucleus/nuclei
numen/numina
oaf/oaf/oaves
oasis/oases
oath/oaths
oaves/oaf/oaves
obbligato/obbligatos
obeli/obeli/obelisk
obelus/obeli/obelisk
ocellus/ocelli
ocrea/ocreae
octopod/octopoda
oculus/oculi
odeum/odea
oesophagi/oesophagus/oesophagi
oesophagus/oesophagus/oesophagi
oeuvre/oeuvres
oidium/oidia
omentum/omenta
omnibus/omnibuses
onager/onagri
ooecium/ooecia
ootheca/oothecae
operculum/opercula
ordo/ordos/ordines
orohippus/orohippi
osculum/oscula
osmeterium/osmeteria
ostensorium/ostensoria
osteosarcoma/osteosarcomata
ostium/ostia
ovogonium/ovogonia
ovum/ova
ox/oxen
pack-cloth/pack-cloths
padrone/padroni
pains/pain
palaestra/palaestrae
palestra/palaestrae
palla/palae
palladium/palladia
pallium/pallia
palmetto/palmettos
palomino/palominos
palpus/palpi
palus/pali
pampas/pampa
pampero/pamperos
paparazzo/paparazzi
papilla/papillae
papula/papulae
papyri/papyrus
paraganglion/paraganglia
paraglossa/paraglossae
paralyses/paralysis
paraphyllum/paraphylla
paraphysis/paraphyses
parapodium/parapodia
parenthesis/parentheses
parergon/parerga
parhelion/parhelia
paries/parietes
passer-by/passers-by
patagium/patagia
patella/patellae
patio/patios
pecten/pectines
pedalo/pedalos
pedicellaria/pedicellariae
pelta/peltae
pelvis/pelves
pengou/pengo/pengos
penicillium/penicilli
penis/penes
penna/pennae
penny/pence/pennies
pentimento/pentimenti
pereion/pereia
pericardium/pericardia
pericranium/pericrania
perigynium/perigynia
perikaryon/perikarya/perikaryons
periostracum/periostraca
perithecium/perithecia
peritonaeum/peritonea
peritoneum/peritonea
pes/pedes
petasus/petasi
petechia/petechiae
phalange/phalanxes
phalanges/phalanxes
phalanx/phalanxes
phallus/phalli
phantasma/phantasmata
phenomenon/phenomena
phimosis/phimoses
phragma/phragmata
phyle/phylae
pianino/pianinos
pianissimo/pianissimos/pianissimi
piccolo/piccolos
pinna/pinnae
pintado/pintados
piscina/piscinas
piscinae/piscinas
pitman/pitmen
placebo/placebos
placenta/placentae
planetarium/planetaria
planula/plantulae
plasmodesm/plasmodesmata
plastodesma/plastodesmata
plateau/plateaux
plebs/plebes
pleiad/Pleiades
plesiosauri/plesiosaurus
pleura/pleurae
plica/plicae
pneumococcus/pneumococci
pneumoconiosis/pneumoconioses
po/pos
podium/podia
policewoman/policewomen
polis/poleis
pollex/pollices
polyhedron/polyhedra
polyhedrosis/polyhedroses
polypary/polypidom
polypus/polypi
polyzoarium/polyzoaria
pomelo/pomelos
poncho/ponchos
pons/pontes
pontifex/pontifeces
popliteus/poplitei
portfolio/portfolios
portico/porticos
portmanteau/portmanteaus
portmanteaux/portmanteaus
potato/potatoes
potto/pottos
pre-cho/pre-echoes
pre-embryo/pre-embryos
premaxilla/premaxillae
presidio/presidios
primipara/primiparae
primo/primos
primordium/primordia
principium/principia
pro/pros
pro and con/pros-and-cons
proctodeum/proctodeums/proctodeae
procès-verbal/procès-verbaux
prognosis/prognoses
promo/promos
pronucleus/pronuclei
propleuron/propleura
propterygium/propterygia
propylon/propylons
propylona/propylons
pros and cons/pros-and-cons
proscenium/proscenia
proscolex/proscolices
prospectus/prospectuses
prostomium/prostomia
protasis/protases
protonema/protonemata
protonephridium/protonephridia
proviso/provisos
provo/Provos
prunello/prunellos
psammon/psammona
psychosis/psychoses
pt/pts
pterygium/pterygia
pteryla/pterylae
pudendum/pudenda
pueblo/pueblos
pulvillus/pulvilli
punctilio/punctilios
punctum/puncta
punjabi/punjabis
pupa/pupae
putamen/putamina
pycnidium/pycnidia
pygidium/pygidia
pyramidion/pyramidia
pyxidium/pyxidia
pyxis/pyxides
quadriga/quadrigae
quadrivium/quadrivia
quantum/quanta
quarterstaff/quarterstaves
quinquennium/quinquennia
radiale/radialia
radichio/radichios
radius/radii
radix/radices
ramus/rami
ratio/ratios
recto/rectos
rectum/recta
regulus/reguli
remex/remiges
ren/renes
replum/repla
residuum/residua
responsum/responsa
rete/retia
reticulum/reticula
retina/retinas
retinaculum/retinacula
retinae/retinas
rhino/rhinos
rhombus/rhombi
rickettsia/rickettsiae
rock-goat/ibexes
rostellum/rostella
rostrum/rostra
rouleau/rouleaux
ruga/rugae
sacrarium/sacraria
sacrum/sacra
saguaro/saguaros
salmonellosis/salmonelloses
salpinx/salpinges
sambo/sambos
sanatorium/sanatoria
sanitarium/sanitaria
sarcoma/sarcomata
sarcophagus/sarcophagi
sarissa/sarissae
sarmentum/sarmenta
sartorius/sartorii
scapha/scaphae
scapula/scapulae
scarf/scarfs
scarves/scarfs
scenario/scenarios
schema/schemata
schistosomiasis/schistosomiases
scholium/scholia
scirroco/siroccos
scleroderma/sclerodermas/sclerodermata
sclerotium/sclerotia
scolex/scoleces
scopa/scopae
scopula/scopulas/scopulae
scoria/scoriae
scriptorium/scriptoria
scrotum/scrota
scute/scuta
scutum/scuta
scyphistoma/scyphistomae/scyphistomas
secondo/secondi
segno/segnos/segni
senhor/senhors/senhores
sensorium/sensoria
sententia/sententiae
septum/septa
sequela/sequalae
sequestrum/sequestra
seraglio/seraglios
seraph/seraphim
sergeant-at-arms/sergeants-at-arms
serum/sera
sestertius/sestertii
set-to/set-tos
seta/setae
setula/setulae/setule
sexto/sextos
sextodecimo/sextodecimos
sheaf/sheaves
sheath/sheaths
shelf/shelves
sherpa/sherpa/sherpas
shittah/shittahs/shittim
sidesman/sidesmen
signalman/signalmen
signore/signori
simulacrum/simulacra
sinus/sinuses/sinus
sirocco/siroccos
sister-in-law/sisters-in-law
sisterd-in-law/sisters-in-law
sixteenmo/sextodecimos
ski/ski/skis
ski'd/ski/skis
so-and-so/so-and-so's
solarium/solaria
solatium/solatia
solo/solos
somebody/somebodies
son-in-law/sons-in-law
soprani/sopranos/soprani
soprano/sopranos/soprani
sordino/sordini
soredium/soredia
sorus/sori
sovkhoz/sovkhozes
spadix/spadices
spado/spadones
spectrum/spectra
speculum/specula
spermagonium/spermagonia
spermatium/spermatia
spermatogonium/spermatogonia
spermatozoa/spematozoa
spermatozoon/spematozoa
spermogonium/spermogonia
sphagnum/sphagna
sphinges/sphinxes/sphinges
sphinx/sphinxes/sphinges
spicula/spiculae
spiculum/spicula
spiralis/spirales
spirilla/spirillla
spirillum/spirillla
splenius/splenii
sporangium/sporangia
sputum/sputa
squama/squamae
squamula/squamulae
stadium/stadia
staff/staves/staffs
staminodium/staminodia
standby/standbys
starets/startsy
staves/staves/staffs
stele/stelae
stemma/stemmata
sterna/sterna/sternums
sternum/sterna/sternums
stigma/stigmas/stigmata
stimulus/stimuli
stipes/stipites
stipiform/stipitiform
stipitate/stipitiform
stoa/stoae
stola/stolae
stoma/stomata
stotinka/stotinki
strata/stratums/strata
strategus/strategi
stratum/stratums/strata
stratus/strati
streptococcus/streptococci
stretto/stretta/stretti/strettos
stria/striae
strobila/strobilae
strobilus/strobili
stroma/stromata
struma/strumae
stucco/stuccoes
studio/studios
stylo/stylos
submaxilla/submaxillae
substrata/substata/substrate
substratum/substata/substrate
succedaneum/succedanea
succuba/succubae
succubus/succubi
sudatorium/sudatoria
sulcus/sulci
supercargo/supercargoes
superstratum/superstrata
supremo/supremos
susu/susus
syllabarium/syllabaria
syllabi/syllabuses/syllabi
syllabus/syllabuses/syllabi
symposium/symposia
synapsis/synapses
synclinorium/synclinoria
synesis/syneses
synopsis/synopses
synthesis/syntheses
syringes/syrinxes/syringes
syrinx/syrinxes/syringes
tableau/tableaux
tabula/tabulae
taco/tacos
taenia/taeniae
talus/tali
tango/tangos
taro/taros
tarsi/ttarsi
tarsus/ttarsi
taxon/taxa
tectrix/tectrices
tempi/tempos/tempi
tempo/tempos/tempi
tenderfoot/tenderfeet
tendo/tendines
tentaculum/tentacula
teredo/teredos
tergum/tergumga
termes/termites
termini/termini/terminuses
terminus/termini/terminuses
terrarium/terrariums/terraria
terrazzo/terrazzos
tessera/tesserae/tesseri
testa/testae/testi
testatrix/testatrices
that/those
thema/themata
thesauri/thesauri/thesauruses
thesaurus/thesauri/thesauruses
thesis/theses
thief/thieves
this/these
thrombus/thrombi
tibia/tibias/tibiae
timberman/timbermen
timpano/timpani
tiro/tiros
titmouse/titmice
to-and-fro/tos and fros
tomato/tomatoes
tomentum/tomenta
tooth/teeth
tootsy/tootsies
tophus/tophi
topsman/topsmen
torpedo/torpedoes
torso/torsos
torus/tori
trachea/tracheas/tracheae
trapezia/trapeziums/trapezia
trapezium/trapeziums/trapezia
trauma/traumata/traumas
traumata/traumata/traumas
trichina/trichinae
trichomoniasis/trichomoniases
triforium/triforia
triumvir/triumvirs/triumviri
trivium/trivia
trochlea/trochleae
trousseau/trousseaux/trousseaus
trousseaux/trousseaux/trousseaus
tsuareg/Tsuaregs
tsunami/tsunamis
tubifex/tubifex/tubifexes
tumulus/tumuli
tuna/tuna/tunas
tungus/tunguses
tupi/tupi/tupis
turf/turfs/turves
tutti/tuttis
twelvemo/twelvemos
twenty-fourmo/twenty-fourmos
tympana/tympanums/tympana
tympanum/tympanums/tympana
tyro/tyros
ufo/ufos
ulna/ulnae
umbella/umbellae
umbo/umbos/umbones
umbra/umbrae
ungula/ungulea
ungulae/ungulea
uterus/uteri
uva/uvae
uvula/uvulae
vacua/vacuums/vacua
vacuum/vacuums/vacua
vagina/vaginae
varix/varices
vas/vasa
vasculum/vascula
velamen/velamina
velum/vela
vena/venae
verruca/verrucae
vertebra/vertebrae
vertex/vertices
vertigo/vertigos
veto/vetoes
vexillum/vexilla
vibrio/vibrios
villus/villi
vimen/vimina
violoncello/violoncellos
virago/viragoes
virtuosi/virtuosos/virtuosi
virtuoso/virtuosos/virtuosi
vivarium/vivaria
volcano/volcanoes
vortex/vortexes/vortices
vox/voces
wakeman/wakemen
wandsman/wandsmen
war-man/war-men
wharf/wharfs/wharves
wheelsman/wheelsmen
why/whys
wife/wives
wingman/wingmen
wireman/wiremen
withe/withes/withs
wolf/wolves
woman/women
yes/yeses
yourself/yourselves
zona/zonae
zoonosis/zoonoses
zygoma/zygomata
